-- Seed Categories
INSERT IGNORE INTO categories (id, name, image, count) VALUES
(1, 'Dresses', 'https://images.unsplash.com/photo-1595777457583-95e059d581b8?w=600&q=80', 124),
(2, 'Jackets', 'https://images.unsplash.com/photo-1551028719-00167b16eac5?w=600&q=80', 89),
(3, 'Sneakers', 'https://images.unsplash.com/photo-1542291026-7eec264c27ff?w=600&q=80', 156),
(4, 'Bags', 'https://images.unsplash.com/photo-1548036328-c9fa89d128fa?w=600&q=80', 73),
(5, 'Watches', 'https://images.unsplash.com/photo-1524592094714-0f0654e20314?w=600&q=80', 45),
(6, 'Sunglasses', 'https://images.unsplash.com/photo-1572635196237-14b3f281503f?w=600&q=80', 62);

-- Seed Products
INSERT IGNORE INTO products (id, name, description, price, original_price, image, category, rating, reviews, badge, in_stock) VALUES
(1, 'Ethereal Silk Maxi Dress', 'Flowing silk maxi dress with an ethereal drape and delicate pleating. Features adjustable spaghetti straps and a flattering empire waistline. Perfect for evening events or summer weddings.', 289, 389, 'https://images.unsplash.com/photo-1595777457583-95e059d581b8?w=600&q=80', 'Dresses', 4.8, 234, 'Best Seller', true),
(2, 'Urban Leather Moto Jacket', 'Premium genuine leather motorcycle jacket with asymmetric zip closure. Features quilted shoulder panels, multiple pockets, and adjustable belt. A timeless piece for any wardrobe.', 459, 599, 'https://images.unsplash.com/photo-1551028719-00167b16eac5?w=600&q=80', 'Jackets', 4.9, 187, 'Premium', true),
(3, 'Cloud Runner Pro Sneakers', 'Ultra-lightweight running sneakers with responsive CloudTech cushioning. Breathable mesh upper, reinforced heel counter, and high-grip rubber outsole for all-terrain performance.', 189, 249, 'https://images.unsplash.com/photo-1542291026-7eec264c27ff?w=600&q=80', 'Sneakers', 4.7, 456, 'New', true),
(4, 'Artisan Leather Tote Bag', 'Handcrafted Italian leather tote with gold-tone hardware. Spacious interior with laptop sleeve, zip pocket, and magnetic snap closure. Includes detachable shoulder strap.', 345, 450, 'https://images.unsplash.com/photo-1548036328-c9fa89d128fa?w=600&q=80', 'Bags', 4.6, 128, 'Handcrafted', true),
(5, 'Chronograph Titanium Watch', 'Swiss-made automatic chronograph with titanium case and sapphire crystal. Features date display, luminous hands, and water resistance to 200m. 42mm case diameter.', 875, 1199, 'https://images.unsplash.com/photo-1524592094714-0f0654e20314?w=600&q=80', 'Watches', 4.9, 89, 'Luxury', true),
(6, 'Aviator Polarized Sunglasses', 'Classic aviator sunglasses with polarized lenses and titanium frame. UV400 protection, anti-glare coating, and spring hinges for a comfortable fit. Includes premium leather case.', 195, 250, 'https://images.unsplash.com/photo-1572635196237-14b3f281503f?w=600&q=80', 'Sunglasses', 4.5, 312, NULL, true),
(7, 'Cashmere Blend Overcoat', 'Luxurious cashmere-wool blend overcoat with notch lapels, single-breasted closure, and side pockets. Fully lined in silk for ultimate comfort. A sophisticated winter essential.', 599, 799, 'https://images.unsplash.com/photo-1539533018447-63fcce2678e3?w=600&q=80', 'Jackets', 4.8, 76, 'Premium', true),
(8, 'Minimalist Canvas Backpack', 'Water-resistant waxed canvas backpack with genuine leather accents. Roll-top closure, padded laptop compartment, and hidden zipper pocket. Perfect for urban commuters.', 129, 169, 'https://images.unsplash.com/photo-1553062407-98eeb64c6a62?w=600&q=80', 'Bags', 4.4, 203, NULL, true),
(9, 'Velvet Evening Gown', 'Stunning velvet evening gown with a sweetheart neckline and dramatic thigh-high slit. Features built-in corset boning and invisible zipper closure. Available in rich jewel tones.', 425, 575, 'https://images.unsplash.com/photo-1566174053879-31528523f8ae?w=600&q=80', 'Dresses', 4.7, 145, 'Trending', true),
(10, 'Retro High-Top Sneakers', 'Vintage-inspired high-top sneakers with premium suede and canvas construction. Features cushioned insole, reinforced toe cap, and classic vulcanized rubber sole.', 145, 185, 'https://images.unsplash.com/photo-1606107557195-0e29a4b5b4aa?w=600&q=80', 'Sneakers', 4.6, 378, NULL, true),
(11, 'Smart Fitness Watch', 'Advanced fitness smartwatch with AMOLED display, heart rate monitoring, GPS tracking, and 7-day battery life. Water-resistant to 50m with interchangeable bands.', 329, 429, 'https://images.unsplash.com/photo-1523275335684-37898b6baf30?w=600&q=80', 'Watches', 4.5, 567, 'Tech', true),
(12, 'Bohemian Wrap Dress', 'Free-spirited wrap dress with a vibrant floral print. Made from lightweight viscose fabric with flutter sleeves and an adjustable tie waist. Effortlessly chic for any occasion.', 159, 210, 'https://images.unsplash.com/photo-1515372039744-b8f02a3ae446?w=600&q=80', 'Dresses', 4.3, 201, NULL, true),
(13, 'Oversized Denim Jacket', 'Relaxed-fit denim jacket in premium washed cotton. Features button front closure, chest pockets, and adjustable side tabs. Versatile layering piece for all seasons.', 178, 230, 'https://images.unsplash.com/photo-1543076447-215ad9ba6923?w=600&q=80', 'Jackets', 4.4, 289, NULL, true),
(14, 'Quilted Crossbody Bag', 'Elegant quilted leather crossbody bag with gold chain strap. Features front flap with turn-lock closure, interior card slots, and microfiber lining. Compact yet spacious.', 265, 340, 'https://images.unsplash.com/photo-1584917865442-de89df76afd3?w=600&q=80', 'Bags', 4.7, 156, 'Trending', true),
(15, 'Sport Wayfarer Sunglasses', 'Modern wayfarer sunglasses with gradient lenses and lightweight acetate frame. UV400 protection with scratch-resistant coating. Comfortable rubber nose pads.', 135, NULL, 'https://images.unsplash.com/photo-1511499767150-a48a237f0083?w=600&q=80', 'Sunglasses', 4.3, 245, NULL, true),
(16, 'Chunky Platform Sneakers', 'Bold chunky platform sneakers with mixed-material upper. Features thick EVA midsole for extra height, breathable mesh panels, and retro color blocking.', 165, 220, 'https://images.unsplash.com/photo-1600185365926-3a2ce3cdb9eb?w=600&q=80', 'Sneakers', 4.5, 198, 'New', true),
(17, 'Classic Dive Watch', 'Professional dive watch with unidirectional rotating bezel and luminous markers. 300m water resistance, screw-down crown, and automatic movement with 48-hour power reserve.', 695, 950, 'https://images.unsplash.com/photo-1522312346375-d1a52e2b99b3?w=600&q=80', 'Watches', 4.8, 112, 'Luxury', true),
(18, 'Satin Slip Midi Dress', 'Elegant satin slip dress with cowl neckline and bias cut for a flattering silhouette. Adjustable straps and side slit detail. Pairs beautifully with heels or sneakers.', 198, NULL, 'https://images.unsplash.com/photo-1496747611176-843222e1e57c?w=600&q=80', 'Dresses', 4.6, 167, NULL, true),
(19, 'Puffer Down Jacket', 'Warm puffer jacket with 800-fill responsibly sourced goose down. Features water-resistant shell, packable design, and stand collar with hidden hood. Lightweight yet incredibly warm.', 349, 450, 'https://images.unsplash.com/photo-1544022613-e87ca75a784a?w=600&q=80', 'Jackets', 4.7, 234, 'Best Seller', true),
(20, 'Woven Straw Beach Bag', 'Hand-woven straw beach bag with leather handles and cotton lining. Spacious interior fits all your beach essentials. Features interior zip pocket and magnetic snap closure.', 89, 120, 'https://images.unsplash.com/photo-1590874103328-eac38a683ce7?w=600&q=80', 'Bags', 4.2, 98, NULL, true),
(21, 'Running Performance Shoes', 'Elite running shoes with carbon fiber plate and nitrogen-infused foam. Engineered mesh upper conforms to your foot for a locked-in feel. Built for speed and endurance.', 225, 290, 'https://images.unsplash.com/photo-1595950653106-6c9ebd614d3a?w=600&q=80', 'Sneakers', 4.8, 432, 'Performance', true),
(22, 'Cat-Eye Designer Sunglasses', 'Retro-inspired cat-eye sunglasses with gradient lenses. Handmade acetate frame with metal temple details and logo-embossed tips. A bold statement piece.', 225, 295, 'https://images.unsplash.com/photo-1473496169904-658ba7c44d8a?w=600&q=80', 'Sunglasses', 4.6, 178, 'Designer', true),
(23, 'Tailored Wool Blazer', 'Impeccably tailored blazer in Italian wool blend. Features peak lapels, double-breasted closure, and working sleeve buttons. Finished with a slim silhouette and satin lining.', 385, 520, 'https://images.unsplash.com/photo-1507679799987-c73779587ccf?w=600&q=80', 'Jackets', 4.9, 64, 'Premium', true),
(24, 'Floral Midi Skirt', 'Romantic floral midi skirt in lightweight georgette fabric. Features elastic waistband, asymmetric hemline, and vibrant botanical print. Pairs perfectly with simple tops.', 112, 150, 'https://images.unsplash.com/photo-1583496661160-fb5886a0aaaa?w=600&q=80', 'Dresses', 4.4, 143, NULL, true),
(25, 'Leather Weekend Duffle', 'Full-grain leather weekend duffle bag with brass hardware. Features U-shaped top opening, interior shoe compartment, and removable shoulder strap. Ages beautifully over time.', 415, 550, 'https://images.unsplash.com/photo-1622560480605-d83c853bc5c3?w=600&q=80', 'Bags', 4.8, 87, 'Handcrafted', true);

-- Seed Product Images
INSERT IGNORE INTO product_images (product_id, image_url) VALUES
(1, 'https://images.unsplash.com/photo-1595777457583-95e059d581b8?w=600&q=80'),
(1, 'https://images.unsplash.com/photo-1566174053879-31528523f8ae?w=600&q=80'),
(1, 'https://images.unsplash.com/photo-1515372039744-b8f02a3ae446?w=600&q=80'),
(2, 'https://images.unsplash.com/photo-1551028719-00167b16eac5?w=600&q=80'),
(2, 'https://images.unsplash.com/photo-1520975954732-35dd22299614?w=600&q=80'),
(2, 'https://images.unsplash.com/photo-1521223890158-f9f7c3d5d504?w=600&q=80'),
(3, 'https://images.unsplash.com/photo-1542291026-7eec264c27ff?w=600&q=80'),
(3, 'https://images.unsplash.com/photo-1606107557195-0e29a4b5b4aa?w=600&q=80'),
(3, 'https://images.unsplash.com/photo-1600185365926-3a2ce3cdb9eb?w=600&q=80'),
(4, 'https://images.unsplash.com/photo-1548036328-c9fa89d128fa?w=600&q=80'),
(4, 'https://images.unsplash.com/photo-1590874103328-eac38a683ce7?w=600&q=80'),
(4, 'https://images.unsplash.com/photo-1584917865442-de89df76afd3?w=600&q=80'),
(5, 'https://images.unsplash.com/photo-1524592094714-0f0654e20314?w=600&q=80'),
(5, 'https://images.unsplash.com/photo-1523170335258-f5ed11844a49?w=600&q=80'),
(5, 'https://images.unsplash.com/photo-1522312346375-d1a52e2b99b3?w=600&q=80'),
(6, 'https://images.unsplash.com/photo-1572635196237-14b3f281503f?w=600&q=80'),
(6, 'https://images.unsplash.com/photo-1511499767150-a48a237f0083?w=600&q=80'),
(6, 'https://images.unsplash.com/photo-1473496169904-658ba7c44d8a?w=600&q=80'),
(7, 'https://images.unsplash.com/photo-1539533018447-63fcce2678e3?w=600&q=80'),
(7, 'https://images.unsplash.com/photo-1544022613-e87ca75a784a?w=600&q=80'),
(8, 'https://images.unsplash.com/photo-1553062407-98eeb64c6a62?w=600&q=80'),
(8, 'https://images.unsplash.com/photo-1622560480605-d83c853bc5c3?w=600&q=80'),
(9, 'https://images.unsplash.com/photo-1566174053879-31528523f8ae?w=600&q=80'),
(9, 'https://images.unsplash.com/photo-1518611012118-696072aa579a?w=600&q=80'),
(10, 'https://images.unsplash.com/photo-1606107557195-0e29a4b5b4aa?w=600&q=80'),
(10, 'https://images.unsplash.com/photo-1595950653106-6c9ebd614d3a?w=600&q=80'),
(11, 'https://images.unsplash.com/photo-1523275335684-37898b6baf30?w=600&q=80'),
(11, 'https://images.unsplash.com/photo-1546868871-af0de0ae72be?w=600&q=80'),
(12, 'https://images.unsplash.com/photo-1515372039744-b8f02a3ae446?w=600&q=80'),
(12, 'https://images.unsplash.com/photo-1496747611176-843222e1e57c?w=600&q=80'),
(13, 'https://images.unsplash.com/photo-1543076447-215ad9ba6923?w=600&q=80'),
(13, 'https://images.unsplash.com/photo-1576995853123-5a10305d93c0?w=600&q=80'),
(14, 'https://images.unsplash.com/photo-1584917865442-de89df76afd3?w=600&q=80'),
(14, 'https://images.unsplash.com/photo-1591561954557-26941169b49e?w=600&q=80'),
(15, 'https://images.unsplash.com/photo-1511499767150-a48a237f0083?w=600&q=80'),
(15, 'https://images.unsplash.com/photo-1473496169904-658ba7c44d8a?w=600&q=80'),
(16, 'https://images.unsplash.com/photo-1600185365926-3a2ce3cdb9eb?w=600&q=80'),
(16, 'https://images.unsplash.com/photo-1595950653106-6c9ebd614d3a?w=600&q=80'),
(17, 'https://images.unsplash.com/photo-1522312346375-d1a52e2b99b3?w=600&q=80'),
(17, 'https://images.unsplash.com/photo-1523170335258-f5ed11844a49?w=600&q=80'),
(18, 'https://images.unsplash.com/photo-1496747611176-843222e1e57c?w=600&q=80'),
(18, 'https://images.unsplash.com/photo-1518611012118-696072aa579a?w=600&q=80'),
(19, 'https://images.unsplash.com/photo-1544022613-e87ca75a784a?w=600&q=80'),
(19, 'https://images.unsplash.com/photo-1539533018447-63fcce2678e3?w=600&q=80'),
(20, 'https://images.unsplash.com/photo-1590874103328-eac38a683ce7?w=600&q=80'),
(20, 'https://images.unsplash.com/photo-1553062407-98eeb64c6a62?w=600&q=80'),
(21, 'https://images.unsplash.com/photo-1595950653106-6c9ebd614d3a?w=600&q=80'),
(21, 'https://images.unsplash.com/photo-1542291026-7eec264c27ff?w=600&q=80'),
(22, 'https://images.unsplash.com/photo-1473496169904-658ba7c44d8a?w=600&q=80'),
(22, 'https://images.unsplash.com/photo-1572635196237-14b3f281503f?w=600&q=80'),
(23, 'https://images.unsplash.com/photo-1507679799987-c73779587ccf?w=600&q=80'),
(23, 'https://images.unsplash.com/photo-1593030761757-71fae45fa0e7?w=600&q=80'),
(24, 'https://images.unsplash.com/photo-1583496661160-fb5886a0aaaa?w=600&q=80'),
(24, 'https://images.unsplash.com/photo-1515372039744-b8f02a3ae446?w=600&q=80'),
(25, 'https://images.unsplash.com/photo-1622560480605-d83c853bc5c3?w=600&q=80'),
(25, 'https://images.unsplash.com/photo-1548036328-c9fa89d128fa?w=600&q=80');

-- Seed Product Colors
INSERT IGNORE INTO product_colors (product_id, color_hex) VALUES
(1, '#1a1a2e'), (1, '#e94560'), (1, '#f5f5dc'),
(2, '#000000'), (2, '#8B4513'), (2, '#2F4F4F'),
(3, '#FF0000'), (3, '#FFFFFF'), (3, '#000000'),
(4, '#8B4513'), (4, '#000000'), (4, '#D2B48C'),
(5, '#C0C0C0'), (5, '#FFD700'), (5, '#000000'),
(6, '#FFD700'), (6, '#C0C0C0'), (6, '#000000'),
(7, '#2F4F4F'), (7, '#000000'), (7, '#D2B48C'),
(8, '#556B2F'), (8, '#000000'), (8, '#D2B48C'),
(9, '#800020'), (9, '#191970'), (9, '#006400'),
(10, '#FFFFFF'), (10, '#000000'), (10, '#8B0000'),
(11, '#000000'), (11, '#FFFFFF'), (11, '#1E90FF'),
(12, '#FF6347'), (12, '#4682B4'), (12, '#228B22'),
(13, '#4682B4'), (13, '#000000'), (13, '#F5F5DC'),
(14, '#000000'), (14, '#FFD700'), (14, '#800020'),
(15, '#000000'), (15, '#8B4513'), (15, '#708090'),
(16, '#FFFFFF'), (16, '#FFB6C1'), (16, '#000000'),
(17, '#000080'), (17, '#000000'), (17, '#C0C0C0'),
(18, '#FFD700'), (18, '#C0C0C0'), (18, '#000000'),
(19, '#000000'), (19, '#8B0000'), (19, '#006400'),
(20, '#D2B48C'), (20, '#8B4513'),
(21, '#FF4500'), (21, '#000000'), (21, '#00CED1'),
(22, '#8B0000'), (22, '#000000'), (22, '#FFD700'),
(23, '#191970'), (23, '#000000'), (23, '#696969'),
(24, '#FF69B4'), (24, '#4682B4'), (24, '#228B22'),
(25, '#8B4513'), (25, '#2F4F4F'), (25, '#000000');

-- Seed Product Sizes
INSERT IGNORE INTO product_sizes (product_id, size_value) VALUES
(1, 'XS'), (1, 'S'), (1, 'M'), (1, 'L'), (1, 'XL'),
(2, 'S'), (2, 'M'), (2, 'L'), (2, 'XL'),
(3, '7'), (3, '8'), (3, '9'), (3, '10'), (3, '11'), (3, '12'),
(4, 'One Size'),
(5, 'One Size'),
(6, 'One Size'),
(7, 'S'), (7, 'M'), (7, 'L'), (7, 'XL'),
(8, 'One Size'),
(9, 'XS'), (9, 'S'), (9, 'M'), (9, 'L'),
(10, '7'), (10, '8'), (10, '9'), (10, '10'), (10, '11'),
(11, 'One Size'),
(12, 'XS'), (12, 'S'), (12, 'M'), (12, 'L'), (12, 'XL'),
(13, 'S'), (13, 'M'), (13, 'L'), (13, 'XL'),
(14, 'One Size'),
(15, 'One Size'),
(16, '6'), (16, '7'), (16, '8'), (16, '9'), (16, '10'),
(17, 'One Size'),
(18, 'XS'), (18, 'S'), (18, 'M'), (18, 'L'),
(19, 'S'), (19, 'M'), (19, 'L'), (19, 'XL'), (19, 'XXL'),
(20, 'One Size'),
(21, '7'), (21, '8'), (21, '9'), (21, '10'), (21, '11'), (21, '12'),
(22, 'One Size'),
(23, 'S'), (23, 'M'), (23, 'L'), (23, 'XL'),
(24, 'XS'), (24, 'S'), (24, 'M'), (24, 'L'),
(25, 'One Size');
